org,repo,number,date,is_merged,state,user
jupyter,colaboratory,118,2015-07-15 13:09:16,True,closed,wernight
jupyter,colaboratory,120,2016-01-02 01:29:16,True,closed,krishpop
jupyter,design,22,2016-01-16 14:46:05,True,closed,parente
jupyter,design,23,2016-01-18 17:49:26,True,closed,parente
jupyter,design,24,2016-03-03 20:45:26,True,closed,parente
jupyter,design,25,2016-04-27 13:54:06,True,closed,peller
jupyter,design,26,2016-04-27 19:40:58,True,closed,peller
jupyter,design,35,2016-11-15 23:35:23,True,closed,ellisonbg
jupyter,design,36,2016-11-15 23:39:16,True,closed,ellisonbg
jupyter,design,37,2016-11-16 01:14:06,True,closed,cameronoelsen
jupyter,design,39,2016-12-07 18:34:05,True,closed,spoorthyv
jupyter,design,40,2016-12-07 22:52:38,False,open,cameronoelsen
jupyter,design,42,2016-12-08 19:24:51,False,open,cameronoelsen
jupyter,docker-demo-images,26,2015-04-02 00:05:39,True,closed,wenzeslaus
jupyter,docker-demo-images,29,2015-04-17 22:53:04,True,closed,sumitsahrawat
jupyter,docker-demo-images,31,2015-04-23 22:55:39,True,closed,rgbkrk
jupyter,docker-demo-images,32,2015-04-24 16:21:55,True,closed,gitter-badger
jupyter,docker-demo-images,33,2015-04-26 14:12:17,True,closed,jreynolds01
jupyter,docker-demo-images,34,2015-04-27 21:42:01,True,closed,rgbkrk
jupyter,docker-demo-images,35,2015-04-30 01:37:36,True,closed,rgbkrk
jupyter,docker-demo-images,36,2015-05-08 03:27:32,True,closed,rgbkrk
jupyter,docker-demo-images,37,2015-05-08 15:52:43,True,closed,sumitsahrawat
jupyter,docker-demo-images,39,2015-05-12 20:10:16,True,closed,rgbkrk
jupyter,docker-demo-images,40,2015-05-14 19:38:04,True,closed,rgbkrk
jupyter,docker-demo-images,42,2015-05-23 02:28:49,True,closed,sumitsahrawat
jupyter,docker-demo-images,43,2015-05-23 15:41:43,True,closed,sumitsahrawat
jupyter,docker-demo-images,44,2015-05-25 01:55:21,True,closed,sumitsahrawat
jupyter,docker-demo-images,45,2015-05-25 21:10:30,True,closed,minad
jupyter,docker-demo-images,48,2015-05-29 16:08:23,True,closed,gibiansky
jupyter,docker-demo-images,49,2015-06-03 18:25:40,True,closed,rgbkrk
jupyter,docker-demo-images,50,2015-06-03 19:32:57,True,closed,rgbkrk
jupyter,docker-demo-images,51,2015-06-08 17:10:34,True,closed,rgbkrk
jupyter,docker-demo-images,52,2015-06-08 19:54:24,True,closed,rgbkrk
jupyter,docker-demo-images,53,2015-06-11 19:03:12,True,closed,rgbkrk
jupyter,docker-demo-images,54,2015-06-15 12:10:08,True,closed,minad
jupyter,docker-demo-images,55,2015-06-17 03:42:16,True,closed,rgbkrk
jupyter,docker-demo-images,56,2015-06-23 04:02:08,True,closed,rgbkrk
jupyter,docker-demo-images,57,2015-07-11 03:26:31,True,closed,parente
jupyter,docker-demo-images,58,2015-07-15 00:34:21,True,closed,parente
jupyter,docker-demo-images,60,2015-07-20 14:42:54,True,closed,parente
jupyter,docker-demo-images,61,2015-08-04 17:00:22,True,closed,tanyaschlusser
jupyter,docker-demo-images,62,2015-08-11 19:47:41,True,closed,sumitsahrawat
jupyter,docker-demo-images,66,2015-08-23 16:28:31,False,closed,kbroughton
jupyter,docker-demo-images,69,2015-09-12 08:52:57,False,closed,snowch
jupyter,docker-demo-images,70,2015-09-13 10:30:21,True,closed,snowch
jupyter,docker-demo-images,71,2015-09-13 13:14:28,True,closed,parente
jupyter,docker-demo-images,72,2015-09-22 14:02:14,True,closed,odewahn
jupyter,docker-demo-images,73,2015-09-25 13:40:35,True,closed,sumitsahrawat
jupyter,docker-demo-images,74,2015-10-04 03:32:31,True,closed,brendam
jupyter,docker-demo-images,75,2015-10-08 14:34:15,True,closed,parente
jupyter,docker-demo-images,76,2015-10-10 15:11:43,True,closed,tacaswell
jupyter,docker-demo-images,77,2015-10-15 04:19:23,True,closed,sumitsahrawat
jupyter,docker-demo-images,78,2015-10-19 12:29:31,True,closed,parente
jupyter,docker-demo-images,80,2015-11-02 20:29:54,True,closed,guiwork
jupyter,docker-demo-images,84,2016-02-17 07:40:58,True,closed,NHDaly
jupyter,docker-demo-images,85,2016-04-29 08:25:41,True,closed,minrk
jupyter,docker-demo-images,89,2016-05-03 13:18:49,True,closed,minrk
jupyter,docker-demo-images,90,2016-05-03 21:43:02,True,closed,minad
jupyter,docker-demo-images,91,2016-05-04 07:30:49,False,closed,minrk
jupyter,docker-demo-images,94,2016-06-28 12:02:23,True,closed,minrk
jupyter,docker-demo-images,96,2016-07-05 08:26:46,True,closed,minrk
jupyter,jupyter-drive,95,2015-04-02 12:09:06,True,closed,stared
jupyter,jupyter-drive,97,2015-04-13 23:46:40,True,closed,ptone
jupyter,jupyter-drive,98,2015-04-14 22:14:23,True,closed,Carreau
jupyter,jupyter-drive,100,2015-04-18 00:19:57,True,closed,Carreau
jupyter,jupyter-drive,101,2015-04-18 00:45:27,True,closed,Carreau
jupyter,jupyter-drive,102,2015-04-18 18:37:48,True,closed,Carreau
jupyter,jupyter-drive,103,2015-04-18 19:15:09,True,closed,Carreau
jupyter,jupyter-drive,104,2015-04-22 18:45:26,True,closed,Carreau
jupyter,jupyter-drive,105,2015-04-22 21:22:34,True,closed,Carreau
jupyter,jupyter-drive,108,2015-05-11 18:43:36,True,closed,jbwhit
jupyter,jupyter-drive,109,2015-05-11 21:13:43,True,closed,Carreau
jupyter,jupyter-drive,111,2015-05-13 18:58:34,True,closed,Carreau
jupyter,jupyter-drive,112,2015-05-15 16:07:05,True,closed,Carreau
jupyter,jupyter-drive,114,2015-05-19 18:59:38,True,closed,filmor
jupyter,jupyter-drive,115,2015-05-26 18:34:53,True,closed,Carreau
jupyter,jupyter-drive,116,2015-05-29 22:45:23,True,closed,Carreau
jupyter,jupyter-drive,117,2015-06-01 23:03:49,False,closed,Carreau
jupyter,jupyter-drive,118,2015-06-05 21:09:05,True,closed,Carreau
jupyter,jupyter-drive,124,2015-07-15 00:53:20,True,closed,Carreau
jupyter,jupyter-drive,132,2016-02-20 18:05:09,True,closed,rgbkrk
jupyter,jupyter-drive,133,2016-03-22 16:12:28,True,closed,rjw57
jupyter,jupyter-drive,134,2016-03-22 16:18:25,True,closed,rjw57
jupyter,jupyter-drive,135,2016-03-22 16:27:54,True,closed,rjw57
jupyter,jupyter-drive,136,2016-03-23 11:58:16,True,closed,rjw57
jupyter,jupyter.github.io,7,2015-05-04 03:24:41,False,closed,bollwyvl
jupyter,jupyter.github.io,8,2015-05-07 23:18:20,True,closed,Carreau
jupyter,jupyter.github.io,10,2015-06-09 04:39:41,True,closed,Carreau
jupyter,jupyter.github.io,11,2015-06-09 19:16:05,True,closed,Carreau
jupyter,jupyter.github.io,12,2015-08-11 20:52:09,True,closed,minrk
jupyter,jupyter.github.io,13,2015-08-20 18:51:29,True,closed,brettcannon
jupyter,jupyter.github.io,14,2015-08-21 02:49:39,True,closed,fperez
jupyter,jupyter.github.io,15,2015-08-29 03:47:49,True,closed,jdfreder
jupyter,jupyter.github.io,16,2015-08-31 18:51:13,True,closed,ellisonbg
jupyter,jupyter.github.io,17,2015-08-31 18:57:22,True,closed,ellisonbg
jupyter,jupyter.github.io,18,2015-08-31 21:24:05,True,closed,cameronoelsen
jupyter,jupyter.github.io,19,2015-08-31 23:28:00,True,closed,cameronoelsen
jupyter,jupyter.github.io,20,2015-08-31 23:40:51,True,closed,rgbkrk
jupyter,jupyter.github.io,21,2015-09-01 00:01:57,True,closed,cameronoelsen
jupyter,jupyter.github.io,22,2015-09-01 01:18:44,True,closed,willingc
jupyter,jupyter.github.io,23,2015-09-01 17:03:24,True,closed,cameronoelsen
jupyter,jupyter.github.io,25,2015-09-01 18:51:56,True,closed,cameronoelsen
jupyter,jupyter.github.io,26,2015-09-01 20:32:04,True,closed,cameronoelsen
jupyter,jupyter.github.io,27,2015-09-01 20:41:32,True,closed,cameronoelsen
jupyter,jupyter.github.io,30,2015-09-01 23:43:53,True,closed,cameronoelsen
jupyter,jupyter.github.io,32,2015-09-03 17:45:47,True,closed,cameronoelsen
jupyter,jupyter.github.io,35,2015-09-08 01:44:02,True,closed,nicktimko
jupyter,jupyter.github.io,36,2015-09-08 20:04:03,True,closed,cameronoelsen
jupyter,jupyter.github.io,37,2015-09-11 21:41:48,True,closed,cameronoelsen
jupyter,jupyter.github.io,39,2015-09-15 18:11:43,True,closed,cameronoelsen
jupyter,jupyter.github.io,40,2015-09-15 22:56:06,False,closed,cameronoelsen
jupyter,jupyter.github.io,41,2015-09-28 20:50:46,False,closed,cameronoelsen
jupyter,jupyter.github.io,42,2015-09-28 20:54:14,True,closed,cameronoelsen
jupyter,jupyter.github.io,43,2015-10-09 21:30:00,True,closed,Carreau
jupyter,jupyter.github.io,47,2015-10-13 01:01:36,True,closed,cameronoelsen
jupyter,jupyter.github.io,48,2015-10-14 20:48:53,True,closed,cameronoelsen
jupyter,jupyter.github.io,50,2015-10-20 22:59:39,True,closed,Carreau
jupyter,jupyter.github.io,54,2015-10-21 17:44:50,True,closed,Carreau
jupyter,jupyter.github.io,55,2015-10-21 18:53:13,True,closed,Carreau
jupyter,jupyter.github.io,56,2015-10-22 21:19:09,True,closed,cameronoelsen
jupyter,jupyter.github.io,57,2015-10-26 10:40:48,True,closed,minrk
jupyter,jupyter.github.io,58,2015-10-26 22:28:49,True,closed,Carreau
jupyter,jupyter.github.io,59,2015-10-27 03:59:30,True,closed,Carreau
jupyter,jupyter.github.io,61,2015-10-29 03:59:25,True,closed,ehsteve
jupyter,jupyter.github.io,62,2015-10-29 12:51:14,True,closed,ehsteve
jupyter,jupyter.github.io,63,2015-10-29 16:41:58,True,closed,cameronoelsen
jupyter,jupyter.github.io,64,2015-10-29 17:34:43,True,closed,Carreau
jupyter,jupyter.github.io,67,2015-11-20 06:12:23,True,closed,nicktimko
jupyter,jupyter.github.io,68,2016-01-11 05:54:05,False,closed,go-bears
jupyter,jupyter.github.io,69,2016-01-11 06:47:41,True,closed,go-bears
jupyter,jupyter.github.io,70,2016-01-26 19:12:50,True,closed,jhamrick
jupyter,jupyter.github.io,71,2016-01-26 20:00:06,True,closed,jhamrick
jupyter,jupyter.github.io,72,2016-01-27 23:48:33,True,closed,cameronoelsen
jupyter,jupyter.github.io,73,2016-01-28 22:45:03,True,closed,cameronoelsen
jupyter,jupyter.github.io,74,2016-01-28 23:05:56,True,closed,cameronoelsen
jupyter,jupyter.github.io,75,2016-02-05 19:48:46,True,closed,cameronoelsen
jupyter,jupyter.github.io,76,2016-02-05 20:13:58,True,closed,cameronoelsen
jupyter,jupyter.github.io,77,2016-02-17 19:31:31,True,closed,cameronoelsen
jupyter,jupyter.github.io,79,2016-02-26 19:41:17,True,closed,cameronoelsen
jupyter,jupyter.github.io,80,2016-03-09 22:03:53,True,closed,Carreau
jupyter,jupyter.github.io,82,2016-04-02 17:25:34,True,closed,willingc
jupyter,jupyter.github.io,84,2016-04-15 18:39:12,False,closed,cameronoelsen
jupyter,jupyter.github.io,85,2016-04-20 00:30:36,True,closed,jdfreder
jupyter,jupyter.github.io,86,2016-05-18 17:25:30,True,closed,jasongrout
jupyter,jupyter.github.io,89,2016-05-23 20:32:21,True,closed,rgbkrk
jupyter,jupyter.github.io,90,2016-05-24 03:13:31,False,closed,go-bears
jupyter,jupyter.github.io,91,2016-05-24 23:18:49,True,closed,SylvainCorlay
jupyter,jupyter.github.io,93,2016-05-29 05:22:38,True,closed,SylvainCorlay
jupyter,jupyter.github.io,98,2016-06-06 09:25:54,True,closed,minrk
jupyter,jupyter.github.io,99,2016-06-06 10:54:45,True,closed,minrk
jupyter,jupyter.github.io,100,2016-06-06 10:57:24,True,closed,minrk
jupyter,jupyter.github.io,103,2016-06-22 00:26:00,False,closed,charnpreetsingh
jupyter,jupyter.github.io,105,2016-06-26 20:29:15,True,closed,willingc
jupyter,jupyter.github.io,106,2016-06-26 21:03:57,True,closed,willingc
jupyter,jupyter.github.io,107,2016-06-27 11:56:42,True,closed,willingc
jupyter,jupyter.github.io,109,2016-06-27 12:54:04,True,closed,SylvainCorlay
jupyter,jupyter.github.io,111,2016-06-27 23:37:59,True,closed,Carreau
jupyter,jupyter.github.io,112,2016-06-28 00:15:19,True,closed,SylvainCorlay
jupyter,jupyter.github.io,113,2016-06-28 00:47:37,True,closed,willingc
jupyter,jupyter.github.io,114,2016-06-29 00:14:10,True,closed,dmadeka
jupyter,jupyter.github.io,116,2016-07-14 03:30:20,True,closed,roshancvp
jupyter,jupyter.github.io,122,2016-09-07 00:32:14,True,closed,npmcdn-to-unpkg-bot
jupyter,jupyter.github.io,123,2016-09-08 05:55:35,False,closed,go-bears
jupyter,jupyter.github.io,124,2016-09-08 05:59:52,True,closed,go-bears
jupyter,jupyter.github.io,125,2016-09-13 20:56:05,True,closed,go-bears
jupyter,jupyter.github.io,127,2016-09-17 03:56:09,True,closed,go-bears
jupyter,jupyter.github.io,128,2016-09-20 22:53:28,True,closed,go-bears
jupyter,jupyter.github.io,129,2016-09-21 07:03:59,True,closed,go-bears
jupyter,jupyter.github.io,130,2016-09-26 00:21:13,True,closed,spoorthyv
jupyter,jupyter.github.io,131,2016-09-26 07:24:00,True,closed,spoorthyv
jupyter,jupyter.github.io,132,2016-09-27 21:44:45,True,closed,go-bears
jupyter,jupyter.github.io,133,2016-09-28 18:14:02,True,closed,rgbkrk
jupyter,jupyter.github.io,134,2016-09-29 18:04:06,True,closed,parente
jupyter,jupyter.github.io,135,2016-09-30 20:39:50,True,closed,SylvainCorlay
jupyter,jupyter.github.io,136,2016-10-04 12:31:42,True,closed,minrk
jupyter,jupyter.github.io,137,2016-10-04 12:42:44,True,closed,minrk
jupyter,jupyter.github.io,138,2016-10-06 13:00:45,True,closed,SylvainCorlay
jupyter,jupyter.github.io,139,2016-10-06 15:20:51,True,closed,SylvainCorlay
jupyter,jupyter.github.io,141,2016-10-09 20:30:02,True,closed,adamchainz
jupyter,jupyter.github.io,142,2016-10-10 14:16:17,True,closed,SylvainCorlay
jupyter,jupyter.github.io,143,2016-10-11 12:04:01,True,closed,SylvainCorlay
jupyter,jupyter.github.io,144,2016-10-13 04:44:51,False,closed,go-bears
jupyter,jupyter.github.io,145,2016-10-13 05:23:55,True,closed,go-bears
jupyter,jupyter.github.io,146,2016-10-13 09:45:02,True,closed,SylvainCorlay
jupyter,jupyter.github.io,147,2016-10-13 09:48:52,False,closed,SylvainCorlay
jupyter,jupyter.github.io,149,2016-10-26 21:23:47,True,closed,cameronoelsen
jupyter,jupyter.github.io,150,2016-11-01 03:54:19,True,closed,willingc
jupyter,jupyter.github.io,151,2016-11-01 06:07:08,True,closed,willingc
jupyter,jupyter.github.io,152,2016-11-02 20:41:04,True,closed,cameronoelsen
jupyter,jupyter.github.io,153,2016-11-05 21:16:17,True,closed,SylvainCorlay
jupyter,jupyter.github.io,154,2016-11-08 01:30:21,True,closed,Carreau
jupyter,jupyter.github.io,155,2016-11-09 00:59:51,True,closed,cameronoelsen
jupyter,jupyter.github.io,157,2016-11-10 23:13:44,True,closed,SylvainCorlay
jupyter,jupyter.github.io,158,2016-11-15 19:05:22,True,closed,Carreau
jupyter,jupyter.github.io,159,2016-11-15 19:58:02,True,closed,takluyver
jupyter,jupyter.github.io,160,2016-11-15 22:21:17,True,closed,gnestor
jupyter,jupyter.github.io,161,2016-11-16 00:19:04,True,closed,cameronoelsen
jupyter,jupyter.github.io,162,2016-11-22 17:45:10,True,closed,Carreau
jupyter,jupyter.github.io,166,2016-12-01 12:05:01,True,closed,nicolabortignon
jupyter,jupyter.github.io,168,2016-12-02 20:34:18,True,closed,charnpreetsingh
jupyter,jupyter.github.io,169,2016-12-02 20:38:27,True,closed,charnpreetsingh
jupyter,jupyter.github.io,170,2016-12-03 22:36:13,True,closed,Jmuccigr
jupyter,jupyter.github.io,171,2016-12-07 21:04:21,True,closed,charnpreetsingh
jupyter,jupyter.github.io,172,2016-12-07 21:47:28,True,closed,cameronoelsen
jupyter,jupyter.github.io,173,2016-12-07 23:33:53,True,closed,cameronoelsen
jupyter,jupyter.github.io,176,2017-01-03 04:13:48,True,closed,cameronoelsen
jupyter,jupyter.github.io,177,2017-01-04 21:28:01,False,open,cameronoelsen
jupyter,jupyter.github.io,178,2017-01-13 20:13:55,True,closed,Carreau
jupyter,jupyter.github.io,180,2017-01-17 18:13:48,True,closed,rgbkrk
jupyter,jupyter.github.io,181,2017-01-23 03:03:11,True,closed,jinmehta13
jupyter,jupyter.github.io,182,2017-01-26 17:24:37,True,closed,cameronoelsen
jupyter,jupyter.github.io,183,2017-01-31 00:04:37,True,closed,ivanov
jupyter,jupyter.github.io,184,2017-02-03 19:30:16,True,closed,cameronoelsen
jupyter,jupyter.github.io,185,2017-02-06 21:50:51,True,closed,matt-bowers
jupyter,jupyter.github.io,188,2017-02-13 16:21:29,True,closed,charlesnicholson
jupyter,jupyter.github.io,191,2017-02-15 01:10:26,True,closed,charnpreetsingh
jupyter,jupyter.github.io,192,2017-02-16 18:51:39,True,closed,cameronoelsen
jupyter,jupyter.github.io,193,2017-02-16 19:43:21,True,closed,cameronoelsen
jupyter,jupyter.github.io,194,2017-02-24 20:49:52,True,closed,cameronoelsen
jupyter,jupyter.github.io,195,2017-02-25 05:58:20,True,closed,ThomasMChen
jupyter,jupyter.github.io,196,2017-02-25 06:07:28,True,closed,patnir
jupyter,jupyter.github.io,197,2017-03-02 06:51:47,True,closed,ivanov
jupyter,jupyter.github.io,198,2017-03-04 22:56:57,True,closed,rgbkrk
jupyter,jupyter.github.io,199,2017-03-17 22:22:30,True,closed,cameronoelsen
jupyter,jupyter.github.io,200,2017-03-29 12:33:57,True,closed,SylvainCorlay
jupyter,jupyter.github.io,201,2017-03-29 17:55:03,False,open,maartenbreddels
jupyter,jupyter_client,1,2015-04-14 16:39:42,True,closed,jasongrout
jupyter,jupyter_client,3,2015-04-15 18:02:42,True,closed,jasongrout
jupyter,jupyter_client,4,2015-04-15 18:06:48,True,closed,minrk
jupyter,jupyter_client,5,2015-04-17 18:28:04,True,closed,minrk
jupyter,jupyter_client,8,2015-04-29 21:43:25,True,closed,takluyver
jupyter,jupyter_client,9,2015-04-30 00:30:45,True,closed,minrk
jupyter,jupyter_client,10,2015-04-30 20:44:01,True,closed,minrk
jupyter,jupyter_client,12,2015-05-01 22:47:30,True,closed,Carreau
jupyter,jupyter_client,13,2015-05-01 23:06:02,True,closed,Carreau
jupyter,jupyter_client,14,2015-05-08 19:25:33,True,closed,minrk
jupyter,jupyter_client,15,2015-05-11 00:02:24,True,closed,Carreau
jupyter,jupyter_client,16,2015-05-11 22:58:51,False,closed,takluyver
jupyter,jupyter_client,17,2015-05-13 19:09:20,True,closed,minrk
jupyter,jupyter_client,18,2015-05-14 01:33:57,True,closed,rgbkrk
jupyter,jupyter_client,20,2015-05-20 19:00:11,True,closed,minrk
jupyter,jupyter_client,21,2015-05-21 23:17:37,True,closed,minrk
jupyter,jupyter_client,22,2015-05-27 01:16:27,True,closed,takluyver
jupyter,jupyter_client,23,2015-05-28 19:07:47,True,closed,takluyver
jupyter,jupyter_client,24,2015-05-29 04:06:55,False,closed,dongweiming
jupyter,jupyter_client,25,2015-05-29 13:50:16,True,closed,dongweiming
jupyter,jupyter_client,26,2015-05-29 18:42:15,True,closed,minrk
jupyter,jupyter_client,27,2015-05-29 18:52:05,True,closed,Carreau
jupyter,jupyter_client,28,2015-06-10 18:39:41,True,closed,minrk
jupyter,jupyter_client,29,2015-06-11 18:42:35,False,closed,Carreau
jupyter,jupyter_client,30,2015-06-13 21:27:48,True,closed,minrk
jupyter,jupyter_client,33,2015-06-17 19:30:46,True,closed,takluyver
jupyter,jupyter_client,34,2015-06-22 15:11:28,True,closed,SylvainCorlay
jupyter,jupyter_client,36,2015-06-24 21:59:08,True,closed,takluyver
jupyter,jupyter_client,37,2015-06-24 22:38:57,True,closed,takluyver
jupyter,jupyter_client,40,2015-07-02 17:06:48,True,closed,takluyver
jupyter,jupyter_client,41,2015-07-02 17:26:27,True,closed,minrk
jupyter,jupyter_client,42,2015-07-03 19:04:59,True,closed,minrk
jupyter,jupyter_client,43,2015-07-03 22:04:39,True,closed,minrk
jupyter,jupyter_client,44,2015-07-03 22:49:57,True,closed,Carreau
jupyter,jupyter_client,45,2015-07-11 15:49:03,True,closed,emilienschultz
jupyter,jupyter_client,47,2015-07-11 17:34:19,True,closed,takluyver
jupyter,jupyter_client,48,2015-07-11 19:58:41,True,closed,emilienschultz
jupyter,jupyter_client,49,2015-07-11 21:01:40,True,closed,minrk
jupyter,jupyter_client,53,2015-07-20 20:18:48,True,closed,jasongrout
jupyter,jupyter_client,54,2015-07-23 02:33:55,False,closed,jasongrout
jupyter,jupyter_client,55,2015-07-23 22:14:27,True,closed,minrk
jupyter,jupyter_client,57,2015-08-03 21:00:41,True,closed,basheersubei
jupyter,jupyter_client,58,2015-08-13 23:37:41,True,closed,takluyver
jupyter,jupyter_client,59,2015-08-17 20:15:00,True,closed,minrk
jupyter,jupyter_client,60,2015-08-20 23:58:08,True,closed,minrk
jupyter,jupyter_client,61,2015-08-21 21:54:08,True,closed,minrk
jupyter,jupyter_client,64,2015-08-25 05:20:37,True,closed,jpallas
jupyter,jupyter_client,67,2015-09-03 09:35:29,True,closed,minrk
jupyter,jupyter_client,68,2015-09-04 14:15:15,True,closed,jdemeyer
jupyter,jupyter_client,69,2015-09-11 13:50:15,True,closed,jdemeyer
jupyter,jupyter_client,71,2015-09-12 20:45:42,True,closed,minrk
jupyter,jupyter_client,74,2015-09-18 14:01:47,True,closed,willingc
jupyter,jupyter_client,75,2015-09-25 11:57:05,False,closed,jdemeyer
jupyter,jupyter_client,77,2015-10-04 13:12:21,False,closed,tmr232
jupyter,jupyter_client,78,2015-10-05 08:31:05,True,closed,minrk
jupyter,jupyter_client,79,2015-10-05 09:24:00,True,closed,minrk
jupyter,jupyter_client,80,2015-10-05 10:58:31,True,closed,minrk
jupyter,jupyter_client,81,2015-10-06 09:31:10,True,closed,minrk
jupyter,jupyter_client,82,2015-10-08 10:36:40,True,closed,mseri
jupyter,jupyter_client,83,2015-10-08 20:45:43,True,closed,blink1073
jupyter,jupyter_client,84,2015-10-15 13:06:17,True,closed,darabos
jupyter,jupyter_client,86,2015-10-27 07:39:02,True,closed,tmr232
jupyter,jupyter_client,88,2015-10-28 09:24:52,False,closed,minrk
jupyter,jupyter_client,89,2015-10-29 10:49:23,True,closed,minrk
jupyter,jupyter_client,90,2015-10-31 01:10:02,True,closed,Carreau
jupyter,jupyter_client,92,2015-11-13 20:04:47,True,closed,mariusvniekerk
jupyter,jupyter_client,93,2015-11-15 03:09:32,True,closed,captainsafia
jupyter,jupyter_client,95,2015-11-26 15:14:39,True,closed,minrk
jupyter,jupyter_client,96,2015-11-29 05:20:03,True,closed,captainsafia
jupyter,jupyter_client,97,2015-11-30 12:16:22,True,closed,minrk
jupyter,jupyter_client,99,2015-12-02 22:43:57,True,closed,dhirschfeld
jupyter,jupyter_client,100,2015-12-04 09:31:22,True,closed,minrk
jupyter,jupyter_client,103,2015-12-06 07:59:49,True,closed,smartass101
jupyter,jupyter_client,105,2015-12-11 00:17:15,True,closed,aburgm
jupyter,jupyter_client,106,2016-01-13 12:27:54,True,closed,minrk
jupyter,jupyter_client,107,2016-01-13 15:51:23,True,closed,minrk
jupyter,jupyter_client,108,2016-01-13 22:31:53,True,closed,ngoldbaum
jupyter,jupyter_client,109,2016-01-14 13:59:39,True,closed,minrk
jupyter,jupyter_client,112,2016-01-21 16:28:07,True,closed,minrk
jupyter,jupyter_client,113,2016-01-26 21:20:13,True,closed,blink1073
jupyter,jupyter_client,114,2016-01-26 22:02:41,True,closed,takluyver
jupyter,jupyter_client,115,2016-01-27 14:03:36,False,closed,minrk
jupyter,jupyter_client,116,2016-01-28 10:37:55,True,closed,takluyver
jupyter,jupyter_client,118,2016-02-02 17:27:34,True,closed,takluyver
jupyter,jupyter_client,119,2016-02-03 23:58:55,True,closed,sn6uv
jupyter,jupyter_client,121,2016-02-04 15:50:25,True,closed,sn6uv
jupyter,jupyter_client,124,2016-02-09 16:48:39,True,closed,captainsafia
jupyter,jupyter_client,125,2016-02-09 18:48:40,True,closed,willingc
jupyter,jupyter_client,128,2016-02-17 15:35:24,True,closed,takluyver
jupyter,jupyter_client,130,2016-02-17 15:59:31,True,closed,minrk
jupyter,jupyter_client,131,2016-02-19 19:01:00,True,closed,jakirkham
jupyter,jupyter_client,132,2016-02-19 19:12:58,True,closed,minrk
jupyter,jupyter_client,133,2016-02-23 11:41:44,True,closed,pankajp
jupyter,jupyter_client,134,2016-02-24 09:49:26,True,closed,minrk
jupyter,jupyter_client,137,2016-03-02 23:15:42,False,closed,msftristew
jupyter,jupyter_client,139,2016-03-06 06:19:32,False,closed,willingc
jupyter,jupyter_client,140,2016-03-06 10:16:43,True,closed,minrk
jupyter,jupyter_client,141,2016-03-09 12:42:01,True,closed,minrk
jupyter,jupyter_client,145,2016-03-23 16:46:03,True,closed,takluyver
jupyter,jupyter_client,146,2016-03-24 11:32:21,True,closed,minrk
jupyter,jupyter_client,150,2016-03-29 22:18:49,True,closed,Carreau
jupyter,jupyter_client,151,2016-03-29 22:21:09,True,closed,Carreau
jupyter,jupyter_client,156,2016-04-21 12:58:01,True,closed,minrk
jupyter,jupyter_client,157,2016-04-25 20:46:35,True,closed,remram44
jupyter,jupyter_client,160,2016-05-11 09:11:03,True,closed,takluyver
jupyter,jupyter_client,161,2016-05-15 14:35:26,False,closed,poke1024
jupyter,jupyter_client,162,2016-05-31 11:45:13,True,closed,minrk
jupyter,jupyter_client,164,2016-06-29 10:09:03,True,closed,minrk
jupyter,jupyter_client,165,2016-07-04 11:41:40,True,closed,takluyver
jupyter,jupyter_client,167,2016-07-05 09:54:13,True,closed,takluyver
jupyter,jupyter_client,168,2016-07-06 04:52:28,True,closed,willingc
jupyter,jupyter_client,169,2016-07-13 03:25:09,True,closed,minrk
jupyter,jupyter_client,172,2016-07-22 09:37:19,True,closed,minrk
jupyter,jupyter_client,175,2016-07-27 20:41:24,False,closed,danielballan
jupyter,jupyter_client,177,2016-07-28 14:30:29,True,closed,takluyver
jupyter,jupyter_client,180,2016-08-01 09:01:35,True,closed,minrk
jupyter,jupyter_client,184,2016-08-09 12:16:08,True,closed,dsblank
jupyter,jupyter_client,185,2016-08-11 09:35:16,True,closed,minrk
jupyter,jupyter_client,189,2016-08-24 17:45:44,True,closed,blink1073
jupyter,jupyter_client,190,2016-08-26 07:56:12,True,closed,minrk
jupyter,jupyter_client,191,2016-08-26 10:42:02,True,closed,minrk
jupyter,jupyter_client,193,2016-08-30 17:16:32,True,closed,willingc
jupyter,jupyter_client,195,2016-08-31 01:43:35,True,closed,willingc
jupyter,jupyter_client,196,2016-08-31 08:38:21,True,closed,minrk
jupyter,jupyter_client,200,2016-09-13 11:29:11,True,closed,minrk
jupyter,jupyter_client,201,2016-09-13 12:06:35,True,closed,minrk
jupyter,jupyter_client,203,2016-09-21 10:18:59,True,closed,ccordoba12
jupyter,jupyter_client,206,2016-09-26 10:03:06,True,closed,minrk
jupyter,jupyter_client,210,2016-10-07 13:35:27,True,closed,minrk
jupyter,jupyter_client,211,2016-10-09 20:47:33,True,closed,adamchainz
jupyter,jupyter_client,212,2016-10-10 08:45:43,True,closed,minrk
jupyter,jupyter_client,215,2016-10-16 23:51:55,True,closed,aleury
jupyter,jupyter_client,216,2016-10-17 16:29:34,True,closed,Carreau
jupyter,jupyter_client,217,2016-10-24 09:43:07,True,closed,minrk
jupyter,jupyter_client,218,2016-10-24 15:58:21,True,closed,Carreau
jupyter,jupyter_client,219,2016-10-24 20:32:53,True,closed,Carreau
jupyter,jupyter_client,221,2016-10-31 10:14:48,True,closed,minrk
jupyter,jupyter_client,222,2016-11-02 17:28:43,True,closed,takluyver
jupyter,jupyter_client,225,2016-11-14 15:45:26,True,closed,rgbkrk
jupyter,jupyter_client,226,2016-11-23 09:36:17,True,closed,minrk
jupyter,jupyter_client,229,2017-01-18 14:47:50,True,closed,takluyver
jupyter,jupyter_client,230,2017-01-18 16:28:10,True,closed,willingc
jupyter,jupyter_client,231,2017-01-28 23:40:01,True,closed,takluyver
jupyter,jupyter_client,232,2017-01-30 16:23:05,True,closed,takluyver
jupyter,jupyter_client,233,2017-02-01 13:06:32,False,closed,minrk
jupyter,jupyter_client,234,2017-02-01 19:40:00,True,closed,jasongrout
jupyter,jupyter_client,235,2017-02-02 09:47:48,True,closed,minrk
jupyter,jupyter_client,236,2017-02-02 14:35:09,True,closed,takluyver
jupyter,jupyter_client,239,2017-02-10 16:02:09,True,closed,minrk
jupyter,jupyter_client,240,2017-02-10 16:59:04,False,open,takluyver
jupyter,jupyter_client,242,2017-02-20 17:39:52,True,closed,takluyver
jupyter,jupyter_client,247,2017-03-15 20:11:08,True,closed,joeltg
jupyter,jupyter_client,250,2017-03-31 14:22:48,True,closed,minrk
jupyter,jupyter_core,3,2015-04-14 21:03:21,True,closed,minrk
jupyter,jupyter_core,4,2015-04-15 18:59:32,True,closed,Carreau
jupyter,jupyter_core,5,2015-04-17 21:55:07,True,closed,minrk
jupyter,jupyter_core,6,2015-04-21 19:12:54,True,closed,minrk
jupyter,jupyter_core,7,2015-04-26 22:01:43,True,closed,minrk
jupyter,jupyter_core,8,2015-04-30 19:32:22,True,closed,minrk
jupyter,jupyter_core,9,2015-05-04 04:20:04,True,closed,minrk
jupyter,jupyter_core,10,2015-05-11 23:07:41,True,closed,takluyver
jupyter,jupyter_core,13,2015-05-26 20:25:56,True,closed,minrk
jupyter,jupyter_core,14,2015-05-26 21:17:12,True,closed,minrk
jupyter,jupyter_core,15,2015-05-28 08:52:01,False,closed,ricklupton
jupyter,jupyter_core,17,2015-05-29 20:45:16,True,closed,minrk
jupyter,jupyter_core,18,2015-06-03 01:10:58,True,closed,Carreau
jupyter,jupyter_core,20,2015-06-06 21:47:23,True,closed,takluyver
jupyter,jupyter_core,21,2015-06-18 19:43:21,True,closed,takluyver
jupyter,jupyter_core,22,2015-06-18 19:47:17,True,closed,takluyver
jupyter,jupyter_core,23,2015-06-19 20:30:51,True,closed,takluyver
jupyter,jupyter_core,25,2015-06-23 16:52:48,True,closed,minrk
jupyter,jupyter_core,26,2015-06-24 19:05:56,True,closed,takluyver
jupyter,jupyter_core,27,2015-06-24 20:57:53,False,closed,rgbkrk
jupyter,jupyter_core,28,2015-06-24 22:30:11,True,closed,matthew-brett
jupyter,jupyter_core,29,2015-06-28 17:53:33,True,closed,minrk
jupyter,jupyter_core,30,2015-07-01 23:09:39,True,closed,takluyver
jupyter,jupyter_core,33,2015-07-14 03:31:18,True,closed,minrk
jupyter,jupyter_core,34,2015-07-14 03:36:43,True,closed,minrk
jupyter,jupyter_core,35,2015-07-14 17:12:09,True,closed,minrk
jupyter,jupyter_core,36,2015-07-16 01:01:41,True,closed,minrk
jupyter,jupyter_core,37,2015-07-16 16:52:26,True,closed,opoplawski
jupyter,jupyter_core,38,2015-07-20 20:19:46,True,closed,jasongrout
jupyter,jupyter_core,40,2015-07-23 02:34:10,False,closed,jasongrout
jupyter,jupyter_core,41,2015-08-13 16:25:57,True,closed,takluyver
jupyter,jupyter_core,42,2015-08-13 20:37:18,True,closed,minrk
jupyter,jupyter_core,44,2015-08-16 01:12:59,True,closed,minrk
jupyter,jupyter_core,45,2015-08-16 16:16:50,True,closed,minrk
jupyter,jupyter_core,48,2015-08-26 17:49:27,True,closed,anntzer
jupyter,jupyter_core,51,2015-09-01 07:28:40,True,closed,minrk
jupyter,jupyter_core,53,2015-09-10 19:13:18,True,closed,minrk
jupyter,jupyter_core,54,2015-09-12 15:51:24,True,closed,minrk
jupyter,jupyter_core,56,2015-09-14 11:06:43,True,closed,minrk
jupyter,jupyter_core,57,2015-09-16 13:44:01,True,closed,minrk
jupyter,jupyter_core,59,2015-09-18 06:13:13,True,closed,overvenus
jupyter,jupyter_core,60,2015-09-18 08:18:52,False,closed,minrk
jupyter,jupyter_core,61,2015-09-24 15:17:47,False,closed,jdemeyer
jupyter,jupyter_core,62,2015-09-25 11:48:12,True,closed,minrk
jupyter,jupyter_core,64,2015-10-12 09:26:29,True,closed,minrk
jupyter,jupyter_core,65,2015-10-17 01:40:01,True,closed,adalq
jupyter,jupyter_core,66,2015-10-22 21:15:10,True,closed,Carreau
jupyter,jupyter_core,67,2015-11-01 22:21:51,True,closed,Carreau
jupyter,jupyter_core,69,2016-01-21 13:48:30,False,closed,minrk
jupyter,jupyter_core,70,2016-01-21 13:50:35,True,closed,minrk
jupyter,jupyter_core,72,2016-02-20 19:34:34,True,closed,rmanly
jupyter,jupyter_core,74,2016-03-07 11:06:02,True,closed,minrk
jupyter,jupyter_core,75,2016-04-08 09:14:02,True,closed,douardda
jupyter,jupyter_core,77,2016-05-03 22:56:59,True,closed,scolby33
jupyter,jupyter_core,79,2016-06-30 12:10:48,True,closed,minrk
jupyter,jupyter_core,80,2016-06-30 19:26:09,True,closed,Carreau
jupyter,jupyter_core,81,2016-07-05 15:28:24,True,closed,srstevenson
jupyter,jupyter_core,83,2016-08-10 10:53:44,True,closed,minrk
jupyter,jupyter_core,88,2016-09-12 16:42:32,True,closed,minrk
jupyter,jupyter_core,89,2016-09-13 13:29:43,True,closed,minrk
jupyter,jupyter_core,90,2016-09-28 12:03:40,True,closed,alexandrul
jupyter,jupyter_core,91,2016-10-05 10:45:36,True,closed,takluyver
jupyter,jupyter_core,92,2016-10-09 20:26:12,True,closed,adamchainz
jupyter,jupyter_core,94,2016-12-01 12:07:43,True,closed,takluyver
jupyter,jupyter_core,95,2017-01-03 13:19:36,True,closed,jdemeyer
jupyter,jupyter_core,96,2017-01-23 20:31:56,True,closed,takluyver
jupyter,jupyter_core,97,2017-02-07 10:03:36,True,closed,minrk
jupyter,jupyter_core,98,2017-02-15 13:19:22,True,closed,pseyfert
jupyter,jupyter_core,100,2017-03-01 22:09:56,True,closed,rgbkrk
jupyter,nature-demo,16,2015-09-03 14:05:03,True,closed,rgbkrk
jupyter,nature-demo,18,2017-03-29 20:16:18,True,closed,rgbkrk
jupyter,nbcache,2,2016-06-24 14:47:17,True,closed,minrk
jupyter,nbconvert-examples,14,2017-02-12 00:15:47,False,open,janfreyberg
jupyter,nbconvert-examples,15,2017-03-22 16:52:09,False,open,xNok
jupyter,nbformat,1,2015-04-09 01:38:08,True,closed,minrk
jupyter,nbformat,3,2015-04-17 18:05:56,True,closed,BigBlueHat
jupyter,nbformat,4,2015-05-06 06:12:07,False,closed,allieus
jupyter,nbformat,5,2015-05-07 21:48:59,True,closed,takluyver
jupyter,nbformat,6,2015-05-08 19:43:23,True,closed,minrk
jupyter,nbformat,7,2015-05-15 01:07:51,True,closed,takluyver
jupyter,nbformat,8,2015-05-25 04:26:32,True,closed,takluyver
jupyter,nbformat,10,2015-06-08 18:45:26,True,closed,Carreau
jupyter,nbformat,11,2015-06-19 20:28:47,True,closed,takluyver
jupyter,nbformat,12,2015-07-02 17:02:40,True,closed,minrk
jupyter,nbformat,13,2015-07-11 20:58:04,True,closed,minrk
jupyter,nbformat,14,2015-07-23 02:31:54,False,closed,jasongrout
jupyter,nbformat,16,2015-08-16 18:03:30,True,closed,minrk
jupyter,nbformat,21,2015-10-20 09:17:40,True,closed,julienr
jupyter,nbformat,22,2015-11-01 22:28:07,True,closed,Carreau
jupyter,nbformat,23,2015-11-02 13:13:27,True,closed,minrk
jupyter,nbformat,24,2015-11-02 13:14:16,True,closed,minrk
jupyter,nbformat,25,2015-11-03 09:46:46,True,closed,minrk
jupyter,nbformat,28,2015-12-02 14:12:04,True,closed,minrk
jupyter,nbformat,30,2015-12-13 13:51:58,False,closed,westurner
jupyter,nbformat,31,2015-12-14 13:59:37,False,closed,minrk
jupyter,nbformat,32,2016-01-17 01:16:42,True,closed,jamesfe
jupyter,nbformat,33,2016-01-23 09:14:17,True,closed,takluyver
jupyter,nbformat,34,2016-03-29 22:12:19,True,closed,Carreau
jupyter,nbformat,36,2016-06-12 11:35:44,False,closed,sethrj
jupyter,nbformat,37,2016-06-12 11:45:06,True,closed,sethrj
jupyter,nbformat,38,2016-06-20 18:43:58,True,closed,moble
jupyter,nbformat,39,2016-06-27 11:59:26,True,closed,minrk
jupyter,nbformat,41,2016-08-23 13:08:31,True,closed,marbre
jupyter,nbformat,43,2016-09-03 17:13:33,True,closed,rgbkrk
jupyter,nbformat,46,2016-09-09 03:56:42,True,closed,captainsafia
jupyter,nbformat,50,2016-09-26 12:59:41,False,closed,minrk
jupyter,nbformat,51,2016-09-29 22:14:04,True,closed,Carreau
jupyter,nbformat,53,2016-10-07 10:07:42,True,closed,minrk
jupyter,nbformat,54,2016-10-07 10:08:54,True,closed,minrk
jupyter,nbformat,55,2016-10-07 10:45:47,True,closed,minrk
jupyter,nbformat,56,2016-10-07 10:55:08,True,closed,minrk
jupyter,nbformat,60,2016-11-09 18:31:15,False,open,parente
jupyter,nbformat,61,2016-11-14 21:26:53,False,closed,takluyver
jupyter,nbformat,62,2016-11-15 16:11:18,True,closed,gnestor
jupyter,nbformat,63,2016-11-17 12:31:24,True,closed,vidartf
jupyter,nbformat,64,2016-11-20 22:13:53,True,closed,rgbkrk
jupyter,nbformat,65,2016-11-21 15:16:28,True,closed,minrk
jupyter,nbformat,67,2016-11-22 09:55:20,True,closed,minrk
jupyter,nbformat,69,2016-11-27 06:58:50,True,closed,gnestor
jupyter,nbformat,71,2016-11-30 16:25:44,True,closed,takluyver
jupyter,nbformat,72,2016-11-30 19:42:54,True,closed,minrk
jupyter,nbformat,77,2016-12-11 17:33:18,True,closed,mgeier
jupyter,nbformat,79,2016-12-17 03:26:30,True,closed,mpacer
jupyter,nbformat,82,2017-02-02 10:55:18,True,closed,vidartf
jupyter,nbformat,83,2017-02-08 17:09:15,True,closed,takluyver
jupyter,nbformat,85,2017-02-10 13:05:53,True,closed,vidartf
jupyter,nbformat,86,2017-02-10 15:22:44,True,closed,minrk
jupyter,nbformat,87,2017-02-10 15:46:19,True,closed,vidartf
jupyter,nbformat,88,2017-02-16 13:22:32,True,closed,takluyver
jupyter,nbformat,89,2017-02-17 15:04:23,True,closed,minrk
jupyter,nbgrader,180,2015-03-30 15:07:13,True,closed,jhamrick
jupyter,nbgrader,184,2015-04-01 00:22:40,True,closed,ellisonbg
jupyter,nbgrader,185,2015-04-01 00:41:54,False,closed,ellisonbg
jupyter,nbgrader,188,2015-04-01 18:27:04,True,closed,Carreau
jupyter,nbgrader,189,2015-04-01 18:59:28,True,closed,jdfreder
jupyter,nbgrader,191,2015-04-01 19:46:58,True,closed,jhamrick
jupyter,nbgrader,192,2015-04-01 20:57:48,True,closed,jdfreder
jupyter,nbgrader,193,2015-04-02 07:33:16,True,closed,jhamrick
jupyter,nbgrader,200,2015-04-04 22:02:12,True,closed,ellisonbg
jupyter,nbgrader,201,2015-04-05 00:51:27,True,closed,jhamrick
jupyter,nbgrader,202,2015-04-05 18:49:45,True,closed,jhamrick
jupyter,nbgrader,203,2015-04-05 20:43:25,True,closed,jhamrick
jupyter,nbgrader,204,2015-04-05 21:29:15,True,closed,jhamrick
jupyter,nbgrader,207,2015-04-06 18:00:12,True,closed,jhamrick
jupyter,nbgrader,209,2015-04-07 00:14:59,True,closed,jhamrick
jupyter,nbgrader,210,2015-04-07 03:17:54,True,closed,jhamrick
jupyter,nbgrader,215,2015-04-07 03:41:36,True,closed,jhamrick
jupyter,nbgrader,222,2015-04-08 21:34:47,True,closed,jhamrick
jupyter,nbgrader,223,2015-04-08 22:03:05,True,closed,jhamrick
jupyter,nbgrader,224,2015-04-08 22:27:52,True,closed,jhamrick
jupyter,nbgrader,225,2015-04-08 22:50:10,True,closed,jhamrick
jupyter,nbgrader,226,2015-04-08 23:07:18,True,closed,jhamrick
jupyter,nbgrader,227,2015-04-09 00:12:23,True,closed,jhamrick
jupyter,nbgrader,228,2015-04-09 00:39:24,True,closed,jhamrick
jupyter,nbgrader,232,2015-04-09 18:08:22,True,closed,jhamrick
jupyter,nbgrader,237,2015-04-12 18:28:13,True,closed,ellisonbg
jupyter,nbgrader,238,2015-04-12 18:40:51,True,closed,ellisonbg
jupyter,nbgrader,243,2015-04-13 18:00:40,True,closed,jhamrick
jupyter,nbgrader,244,2015-04-13 23:08:56,True,closed,redSlug
jupyter,nbgrader,245,2015-04-14 23:29:08,True,closed,jhamrick
jupyter,nbgrader,246,2015-04-16 00:26:43,True,closed,jhamrick
jupyter,nbgrader,247,2015-04-16 00:34:30,True,closed,jhamrick
jupyter,nbgrader,248,2015-04-16 17:42:24,True,closed,jhamrick
jupyter,nbgrader,249,2015-04-16 22:03:45,True,closed,jhamrick
jupyter,nbgrader,261,2015-05-13 07:08:33,True,closed,jhamrick
jupyter,nbgrader,262,2015-05-24 22:44:55,True,closed,jhamrick
jupyter,nbgrader,263,2015-05-25 01:22:40,True,closed,jhamrick
jupyter,nbgrader,264,2015-05-25 02:47:45,True,closed,jhamrick
jupyter,nbgrader,265,2015-05-25 20:13:45,True,closed,jhamrick
jupyter,nbgrader,266,2015-05-25 20:17:51,True,closed,jhamrick
jupyter,nbgrader,267,2015-05-25 20:52:50,True,closed,jhamrick
jupyter,nbgrader,268,2015-05-25 22:35:38,True,closed,jhamrick
jupyter,nbgrader,269,2015-05-25 23:00:03,True,closed,jhamrick
jupyter,nbgrader,270,2015-05-26 00:18:00,True,closed,jhamrick
jupyter,nbgrader,271,2015-05-26 06:55:46,True,closed,jhamrick
jupyter,nbgrader,272,2015-05-26 07:43:25,True,closed,jhamrick
jupyter,nbgrader,273,2015-05-26 18:59:59,True,closed,jhamrick
jupyter,nbgrader,274,2015-05-26 19:34:05,True,closed,jhamrick
jupyter,nbgrader,275,2015-05-26 20:16:53,True,closed,jhamrick
jupyter,nbgrader,276,2015-05-26 20:24:31,True,closed,jhamrick
jupyter,nbgrader,277,2015-05-26 21:03:23,True,closed,jhamrick
jupyter,nbgrader,278,2015-05-26 22:43:46,True,closed,jhamrick
jupyter,nbgrader,279,2015-05-26 23:17:31,True,closed,jhamrick
jupyter,nbgrader,280,2015-05-27 00:09:19,True,closed,jhamrick
jupyter,nbgrader,281,2015-05-27 00:35:00,True,closed,jhamrick
jupyter,nbgrader,282,2015-05-27 02:56:03,True,closed,jhamrick
jupyter,nbgrader,284,2015-05-27 18:03:09,True,closed,jhamrick
jupyter,nbgrader,285,2015-05-28 01:39:20,True,closed,jhamrick
jupyter,nbgrader,286,2015-05-29 19:01:14,True,closed,jhamrick
jupyter,nbgrader,287,2015-05-29 19:12:06,True,closed,jhamrick
jupyter,nbgrader,288,2015-05-30 00:33:38,True,closed,jhamrick
jupyter,nbgrader,289,2015-06-01 03:15:06,True,closed,jhamrick
jupyter,nbgrader,290,2015-06-06 22:12:08,True,closed,jhamrick
jupyter,nbgrader,292,2015-06-10 19:08:00,True,closed,jhamrick
jupyter,nbgrader,293,2015-06-11 22:21:25,True,closed,jhamrick
jupyter,nbgrader,294,2015-06-12 05:28:24,True,closed,jhamrick
jupyter,nbgrader,297,2015-06-12 18:56:27,True,closed,jhamrick
jupyter,nbgrader,298,2015-06-12 23:17:26,True,closed,jhamrick
jupyter,nbgrader,299,2015-06-13 00:53:27,True,closed,jhamrick
jupyter,nbgrader,300,2015-06-23 16:39:01,True,closed,jhamrick
jupyter,nbgrader,301,2015-06-23 16:48:01,True,closed,jhamrick
jupyter,nbgrader,302,2015-06-24 05:47:24,True,closed,jhamrick
jupyter,nbgrader,303,2015-06-24 06:26:10,True,closed,jhamrick
jupyter,nbgrader,305,2015-06-24 22:35:26,True,closed,jhamrick
jupyter,nbgrader,306,2015-06-24 23:18:57,True,closed,jhamrick
jupyter,nbgrader,309,2015-06-25 21:42:45,True,closed,jhamrick
jupyter,nbgrader,310,2015-06-26 00:02:53,True,closed,jhamrick
jupyter,nbgrader,311,2015-06-26 00:30:40,True,closed,jhamrick
jupyter,nbgrader,312,2015-06-26 02:37:31,True,closed,jhamrick
jupyter,nbgrader,313,2015-06-26 04:22:19,True,closed,jhamrick
jupyter,nbgrader,319,2015-07-11 16:20:06,True,closed,lphk92
jupyter,nbgrader,323,2015-07-11 17:17:07,True,closed,Carreau
jupyter,nbgrader,324,2015-07-11 18:20:52,True,closed,ellachao
jupyter,nbgrader,325,2015-07-11 18:25:33,True,closed,alope107
jupyter,nbgrader,326,2015-07-11 21:23:17,True,closed,alope107
jupyter,nbgrader,328,2015-07-12 05:33:43,True,closed,jhamrick
jupyter,nbgrader,329,2015-07-12 14:36:44,True,closed,Carreau
jupyter,nbgrader,330,2015-07-12 14:53:08,True,closed,lphk92
jupyter,nbgrader,332,2015-07-12 15:46:25,True,closed,willingc
jupyter,nbgrader,334,2015-07-12 17:38:52,False,closed,alope107
jupyter,nbgrader,335,2015-07-12 21:21:15,True,closed,jhamrick
jupyter,nbgrader,336,2015-07-12 21:56:05,True,closed,ellachao
jupyter,nbgrader,337,2015-07-12 22:34:42,False,closed,svurens
jupyter,nbgrader,339,2015-07-16 02:40:20,True,closed,jhamrick
jupyter,nbgrader,341,2015-07-16 23:02:13,True,closed,jhamrick
jupyter,nbgrader,342,2015-07-16 23:23:26,True,closed,jhamrick
jupyter,nbgrader,343,2015-07-16 23:30:46,True,closed,jhamrick
jupyter,nbgrader,346,2015-07-17 02:37:57,True,closed,Carreau
jupyter,nbgrader,351,2015-07-20 22:21:29,True,closed,jhamrick
jupyter,nbgrader,352,2015-07-20 23:51:51,True,closed,jhamrick
jupyter,nbgrader,353,2015-08-10 18:35:20,True,closed,ellisonbg
jupyter,nbgrader,354,2015-08-10 20:01:56,True,closed,jhamrick
jupyter,nbgrader,355,2015-08-12 01:05:33,True,closed,jhamrick
jupyter,nbgrader,356,2015-08-12 02:06:05,True,closed,jhamrick
jupyter,nbgrader,357,2015-08-12 19:31:04,True,closed,jhamrick
jupyter,nbgrader,358,2015-08-13 00:56:26,True,closed,jhamrick
jupyter,nbgrader,359,2015-08-13 02:08:59,True,closed,jhamrick
jupyter,nbgrader,360,2015-08-14 04:38:57,True,closed,jhamrick
jupyter,nbgrader,362,2015-08-18 01:23:36,True,closed,jhamrick
jupyter,nbgrader,364,2015-08-18 23:32:32,True,closed,jhamrick
jupyter,nbgrader,365,2015-08-18 23:50:29,True,closed,jhamrick
jupyter,nbgrader,369,2015-08-19 01:18:51,True,closed,jhamrick
jupyter,nbgrader,370,2015-08-19 01:51:59,True,closed,jhamrick
jupyter,nbgrader,371,2015-08-19 01:59:26,True,closed,jhamrick
jupyter,nbgrader,372,2015-08-19 02:27:30,True,closed,jhamrick
jupyter,nbgrader,373,2015-08-19 02:53:01,True,closed,jhamrick
jupyter,nbgrader,374,2015-08-19 15:42:15,True,closed,jhamrick
jupyter,nbgrader,375,2015-08-19 23:05:31,True,closed,jhamrick
jupyter,nbgrader,377,2015-08-20 19:08:33,True,closed,jhamrick
jupyter,nbgrader,378,2015-08-20 19:13:53,True,closed,jhamrick
jupyter,nbgrader,379,2015-08-21 00:14:38,True,closed,jhamrick
jupyter,nbgrader,380,2015-08-21 01:38:46,True,closed,jhamrick
jupyter,nbgrader,381,2015-08-22 20:40:02,True,closed,jhamrick
jupyter,nbgrader,384,2015-08-28 23:19:33,True,closed,jhamrick
jupyter,nbgrader,386,2015-08-28 23:59:10,True,closed,jhamrick
jupyter,nbgrader,387,2015-08-29 00:34:02,True,closed,jhamrick
jupyter,nbgrader,389,2015-08-29 08:51:50,True,closed,Carreau
jupyter,nbgrader,393,2015-08-29 20:44:14,True,closed,willingc
jupyter,nbgrader,395,2015-08-29 23:44:13,True,closed,jhamrick
jupyter,nbgrader,396,2015-08-30 01:52:37,True,closed,jhamrick
jupyter,nbgrader,397,2015-08-30 07:11:54,True,closed,jhamrick
jupyter,nbgrader,399,2015-08-31 17:29:03,True,closed,jhamrick
jupyter,nbgrader,402,2015-08-31 20:24:38,True,closed,willingc
jupyter,nbgrader,405,2015-09-01 07:45:41,True,closed,minrk
jupyter,nbgrader,406,2015-09-01 12:56:06,True,closed,Carreau
jupyter,nbgrader,407,2015-09-01 18:57:56,True,closed,jhamrick
jupyter,nbgrader,408,2015-09-01 20:05:31,True,closed,jhamrick
jupyter,nbgrader,409,2015-09-01 23:50:18,True,closed,jhamrick
jupyter,nbgrader,410,2015-09-02 23:55:06,True,closed,jhamrick
jupyter,nbgrader,411,2015-09-03 00:13:55,True,closed,jhamrick
jupyter,nbgrader,412,2015-09-03 01:18:30,True,closed,jhamrick
jupyter,nbgrader,413,2015-09-03 16:35:44,True,closed,jhamrick
jupyter,nbgrader,414,2015-09-03 20:04:14,True,closed,willingc
jupyter,nbgrader,421,2015-10-03 20:26:34,True,closed,vinaykola
jupyter,nbgrader,425,2015-11-01 22:44:47,True,closed,Carreau
jupyter,nbgrader,430,2016-01-06 20:54:05,True,closed,jdfreder
jupyter,nbgrader,439,2016-01-31 18:22:08,False,closed,ellisonbg
jupyter,nbgrader,441,2016-02-11 18:07:50,False,closed,davis68
jupyter,nbgrader,442,2016-02-21 19:45:55,True,closed,jhamrick
jupyter,nbgrader,443,2016-03-02 20:28:01,True,closed,jhamrick
jupyter,nbgrader,444,2016-03-02 21:25:54,True,closed,jhamrick
jupyter,nbgrader,445,2016-03-03 02:40:57,True,closed,jhamrick
jupyter,nbgrader,446,2016-03-03 03:21:19,True,closed,jhamrick
jupyter,nbgrader,447,2016-03-03 04:23:17,True,closed,jhamrick
jupyter,nbgrader,448,2016-03-03 04:52:44,True,closed,jhamrick
jupyter,nbgrader,449,2016-03-03 05:16:26,True,closed,jhamrick
jupyter,nbgrader,451,2016-03-03 15:11:06,True,closed,jhamrick
jupyter,nbgrader,452,2016-03-03 20:39:53,True,closed,jhamrick
jupyter,nbgrader,453,2016-03-03 22:15:31,True,closed,jhamrick
jupyter,nbgrader,454,2016-03-03 22:52:40,True,closed,jhamrick
jupyter,nbgrader,455,2016-03-04 00:44:48,True,closed,jhamrick
jupyter,nbgrader,457,2016-03-04 03:20:44,True,closed,jhamrick
jupyter,nbgrader,458,2016-03-04 03:41:12,True,closed,jhamrick
jupyter,nbgrader,460,2016-03-04 23:55:49,True,closed,jhamrick
jupyter,nbgrader,461,2016-03-05 05:01:16,True,closed,jhamrick
jupyter,nbgrader,464,2016-03-08 18:53:58,True,closed,jhamrick
jupyter,nbgrader,465,2016-03-08 19:52:05,True,closed,jhamrick
jupyter,nbgrader,466,2016-03-09 01:23:47,True,closed,jhamrick
jupyter,nbgrader,467,2016-03-09 15:54:56,True,closed,minrk
jupyter,nbgrader,470,2016-03-15 15:49:10,True,closed,jhamrick
jupyter,nbgrader,473,2016-03-28 17:41:23,True,closed,jhamrick
jupyter,nbgrader,477,2016-04-02 06:15:38,True,closed,jhamrick
jupyter,nbgrader,485,2016-04-11 18:03:53,True,closed,willingc
jupyter,nbgrader,486,2016-04-11 18:53:22,True,closed,jhamrick
jupyter,nbgrader,489,2016-04-19 20:26:09,True,closed,jhamrick
jupyter,nbgrader,490,2016-04-19 20:33:10,True,closed,jhamrick
jupyter,nbgrader,492,2016-04-21 18:53:58,True,closed,jhamrick
jupyter,nbgrader,493,2016-04-21 20:15:55,True,closed,jhamrick
jupyter,nbgrader,494,2016-04-22 00:48:26,True,closed,jhamrick
jupyter,nbgrader,495,2016-04-22 01:19:46,True,closed,jhamrick
jupyter,nbgrader,498,2016-04-23 02:31:27,True,closed,jhamrick
jupyter,nbgrader,503,2016-04-28 18:43:09,False,closed,lgpage
jupyter,nbgrader,505,2016-04-30 17:05:00,True,closed,jhamrick
jupyter,nbgrader,506,2016-04-30 17:49:33,True,closed,jhamrick
jupyter,nbgrader,507,2016-04-30 20:14:08,True,closed,jhamrick
jupyter,nbgrader,508,2016-04-30 21:44:28,True,closed,jhamrick
jupyter,nbgrader,510,2016-04-30 22:11:19,True,closed,jhamrick
jupyter,nbgrader,512,2016-05-05 01:17:24,True,closed,lgpage
jupyter,nbgrader,521,2016-06-23 20:43:18,True,closed,jhamrick
jupyter,nbgrader,522,2016-06-23 21:42:12,True,closed,jhamrick
jupyter,nbgrader,523,2016-06-23 23:00:17,True,closed,jhamrick
jupyter,nbgrader,526,2016-07-04 14:52:13,True,closed,lgpage
jupyter,nbgrader,533,2016-08-20 15:14:53,True,closed,jhamrick
jupyter,nbgrader,534,2016-08-20 16:21:49,True,closed,jhamrick
jupyter,nbgrader,535,2016-08-20 16:35:55,True,closed,jhamrick
jupyter,nbgrader,536,2016-08-21 21:30:03,True,closed,jhamrick
jupyter,nbgrader,538,2016-08-27 15:39:09,True,closed,jhamrick
jupyter,nbgrader,545,2016-09-08 22:24:52,True,closed,jhamrick
jupyter,nbgrader,546,2016-09-09 00:01:21,True,closed,jhamrick
jupyter,nbgrader,548,2016-09-09 00:56:44,True,closed,jhamrick
jupyter,nbgrader,550,2016-09-09 01:51:17,True,closed,jhamrick
jupyter,nbgrader,561,2016-09-22 19:32:15,True,closed,jhamrick
jupyter,nbgrader,562,2016-09-24 23:20:04,True,closed,jhamrick
jupyter,nbgrader,563,2016-09-25 00:56:55,True,closed,jhamrick
jupyter,nbgrader,564,2016-09-25 23:41:44,True,closed,jhamrick
jupyter,nbgrader,565,2016-09-26 00:25:50,True,closed,jhamrick
jupyter,nbgrader,566,2016-09-26 01:46:59,True,closed,jhamrick
jupyter,nbgrader,567,2016-09-26 02:40:27,True,closed,jhamrick
jupyter,nbgrader,571,2016-10-09 20:31:51,True,closed,adamchainz
jupyter,nbgrader,581,2016-12-14 12:01:25,True,closed,lgpage
jupyter,nbgrader,584,2016-12-15 17:34:11,True,closed,lgpage
jupyter,nbgrader,585,2016-12-15 19:17:21,True,closed,lgpage
jupyter,nbgrader,588,2016-12-19 09:04:33,True,closed,lgpage
jupyter,nbgrader,589,2016-12-22 04:01:45,True,closed,ellisonbg
jupyter,nbgrader,590,2016-12-22 11:55:45,True,closed,lgpage
jupyter,nbgrader,591,2016-12-22 12:19:20,True,closed,lgpage
jupyter,nbgrader,593,2016-12-22 15:35:55,True,closed,lgpage
jupyter,nbgrader,594,2016-12-22 17:47:34,True,closed,ellisonbg
jupyter,nbgrader,596,2016-12-22 21:57:17,False,closed,ellisonbg
jupyter,nbgrader,597,2016-12-22 22:59:37,True,closed,ellisonbg
jupyter,nbgrader,598,2016-12-23 10:02:07,True,closed,lgpage
jupyter,nbgrader,600,2016-12-28 11:19:39,True,closed,alikasamanli
jupyter,nbgrader,601,2016-12-28 18:28:03,True,closed,lgpage
jupyter,nbgrader,605,2017-01-05 20:55:34,True,closed,jhamrick
jupyter,nbgrader,607,2017-01-05 22:15:24,True,closed,jhamrick
jupyter,nbgrader,608,2017-01-05 22:19:52,True,closed,jhamrick
jupyter,nbgrader,610,2017-01-05 23:28:35,True,closed,jhamrick
jupyter,nbgrader,611,2017-01-06 00:23:11,True,closed,jhamrick
jupyter,nbgrader,612,2017-01-06 03:25:06,True,closed,jhamrick
jupyter,nbgrader,613,2017-01-06 03:41:58,True,closed,jhamrick
jupyter,nbgrader,614,2017-01-06 05:30:33,True,closed,jhamrick
jupyter,nbgrader,615,2017-01-06 07:46:58,True,closed,jhamrick
jupyter,nbgrader,616,2017-01-06 18:05:59,True,closed,jhamrick
jupyter,nbgrader,617,2017-01-06 20:02:57,True,closed,jhamrick
jupyter,nbgrader,618,2017-01-06 21:59:43,True,closed,jhamrick
jupyter,nbgrader,619,2017-01-07 02:27:42,True,closed,jhamrick
jupyter,nbgrader,620,2017-01-07 03:24:46,True,closed,jhamrick
jupyter,nbgrader,621,2017-01-07 19:40:58,True,closed,jhamrick
jupyter,nbgrader,622,2017-01-07 20:21:48,True,closed,jhamrick
jupyter,nbgrader,623,2017-01-07 21:47:18,True,closed,jhamrick
jupyter,nbgrader,625,2017-01-08 23:26:43,True,closed,jhamrick
jupyter,nbgrader,628,2017-01-10 17:21:02,True,closed,jhamrick
jupyter,nbgrader,629,2017-01-11 18:46:14,True,closed,jhamrick
jupyter,nbgrader,630,2017-01-11 19:56:13,True,closed,lgpage
jupyter,nbgrader,633,2017-01-12 17:48:35,True,closed,willingc
jupyter,nbgrader,635,2017-01-13 18:37:54,True,closed,lgpage
jupyter,nbgrader,637,2017-01-13 19:58:59,True,closed,lgpage
jupyter,nbgrader,638,2017-01-13 21:06:59,True,closed,jhamrick
jupyter,nbgrader,639,2017-01-13 22:21:52,True,closed,lgpage
jupyter,nbgrader,642,2017-01-14 01:12:52,True,closed,jhamrick
jupyter,nbgrader,643,2017-01-14 03:20:39,True,closed,jhamrick
jupyter,nbgrader,644,2017-01-14 13:43:35,True,closed,lgpage
jupyter,nbgrader,645,2017-01-14 17:26:37,True,closed,jhamrick
jupyter,nbgrader,646,2017-01-14 17:59:48,True,closed,jhamrick
jupyter,nbgrader,649,2017-01-14 22:23:30,True,closed,jhamrick
jupyter,nbgrader,650,2017-01-14 22:51:09,True,closed,jhamrick
jupyter,nbgrader,651,2017-01-15 00:04:33,True,closed,jhamrick
jupyter,nbgrader,652,2017-01-15 02:28:02,True,closed,jhamrick
jupyter,nbgrader,655,2017-01-15 19:32:22,True,closed,jhamrick
jupyter,nbgrader,656,2017-01-15 19:52:37,True,closed,lgpage
jupyter,nbgrader,657,2017-01-15 20:09:51,True,closed,meeseeksdev[bot]
jupyter,nbgrader,658,2017-01-15 20:20:17,True,closed,meeseeksdev[bot]
jupyter,nbgrader,665,2017-01-20 19:26:09,True,closed,whitead
jupyter,nbgrader,666,2017-01-20 21:00:09,True,closed,meeseeksdev[bot]
jupyter,nbgrader,670,2017-01-22 03:17:25,True,closed,jhamrick
jupyter,nbgrader,671,2017-01-22 03:59:36,True,closed,meeseeksdev[bot]
jupyter,nbgrader,672,2017-01-22 04:00:54,True,closed,jhamrick
jupyter,nbgrader,673,2017-01-22 19:08:50,True,closed,jhamrick
jupyter,nbgrader,678,2017-01-25 12:23:48,True,closed,minrk
jupyter,nbgrader,679,2017-01-25 12:41:11,True,closed,lgpage
jupyter,nbgrader,680,2017-01-25 14:47:29,True,closed,meeseeksdev[bot]
jupyter,nbgrader,681,2017-01-25 15:47:39,True,closed,lgpage
jupyter,nbgrader,682,2017-01-25 18:21:56,True,closed,meeseeksdev[bot]
jupyter,nbgrader,687,2017-02-05 01:18:26,True,closed,jhamrick
jupyter,nbgrader,688,2017-02-05 01:27:00,True,closed,jhamrick
jupyter,nbgrader,689,2017-02-05 01:33:30,True,closed,jhamrick
jupyter,nbgrader,690,2017-02-05 01:58:37,True,closed,meeseeksdev[bot]
jupyter,nbgrader,691,2017-02-05 07:06:42,True,closed,meeseeksdev[bot]
jupyter,nbgrader,692,2017-02-05 22:12:46,True,closed,meeseeksdev[bot]
jupyter,nbgrader,693,2017-02-06 00:57:39,True,closed,jhamrick
jupyter,nbgrader,695,2017-02-06 01:27:37,True,closed,jhamrick
jupyter,nbgrader,696,2017-02-06 02:22:30,True,closed,jhamrick
jupyter,nbgrader,697,2017-02-06 15:26:16,True,closed,meeseeksdev[bot]
jupyter,nbgrader,698,2017-02-06 19:35:58,True,closed,lgpage
jupyter,nbgrader,700,2017-02-07 16:51:29,True,closed,minrk
jupyter,nbgrader,701,2017-02-07 17:45:33,True,closed,jhamrick
jupyter,nbgrader,702,2017-02-07 20:19:44,True,closed,meeseeksdev[bot]
jupyter,nbgrader,703,2017-02-07 20:20:04,True,closed,meeseeksdev[bot]
jupyter,nbgrader,704,2017-02-08 17:24:20,True,closed,lgpage
jupyter,nbgrader,706,2017-02-08 18:00:01,True,closed,meeseeksdev[bot]
jupyter,nbgrader,707,2017-02-08 20:41:10,True,closed,jhamrick
jupyter,nbgrader,708,2017-02-09 01:04:43,True,closed,meeseeksdev[bot]
jupyter,nbgrader,709,2017-02-09 06:50:37,True,closed,lgpage
jupyter,nbgrader,711,2017-02-11 02:34:30,True,closed,jhamrick
jupyter,nbgrader,712,2017-02-12 01:32:18,True,closed,jhamrick
jupyter,nbgrader,713,2017-02-12 02:41:59,True,closed,jhamrick
jupyter,nbgrader,714,2017-02-18 19:45:58,True,closed,lgpage
jupyter,nbgrader,717,2017-02-20 16:56:52,True,closed,lgpage
jupyter,nbgrader,731,2017-03-28 20:17:28,True,closed,lgpage
jupyter,nbgrader,732,2017-03-28 20:19:47,True,closed,lgpage
jupyter,nbgrader,735,2017-04-01 17:50:24,True,closed,lgpage
jupyter,nbviewer,439,2015-03-31 02:55:24,True,closed,bollwyvl
jupyter,nbviewer,442,2015-04-15 19:43:55,True,closed,rgbkrk
jupyter,nbviewer,443,2015-04-16 15:37:57,True,closed,bollwyvl
jupyter,nbviewer,446,2015-04-20 16:33:36,True,closed,rgbkrk
jupyter,nbviewer,447,2015-04-29 02:01:44,False,closed,bollwyvl
jupyter,nbviewer,449,2015-04-29 15:23:28,True,closed,bollwyvl
jupyter,nbviewer,455,2015-05-13 17:53:29,False,closed,mrterry
jupyter,nbviewer,456,2015-05-14 01:02:35,False,closed,bollwyvl
jupyter,nbviewer,459,2015-05-19 10:34:53,True,closed,greole
jupyter,nbviewer,462,2015-06-03 11:10:18,True,closed,minad
jupyter,nbviewer,464,2015-06-08 16:38:46,True,closed,mrterry
jupyter,nbviewer,474,2015-06-26 03:28:57,True,closed,bollwyvl
jupyter,nbviewer,477,2015-07-09 20:46:12,False,closed,agartland
jupyter,nbviewer,481,2015-07-25 17:28:51,True,closed,bollwyvl
jupyter,nbviewer,482,2015-07-28 02:50:55,False,closed,bollwyvl
jupyter,nbviewer,486,2015-08-02 16:48:05,True,closed,mrterry
jupyter,nbviewer,487,2015-08-03 19:06:15,True,closed,damianavila
jupyter,nbviewer,488,2015-08-16 05:59:59,False,closed,iamaris
jupyter,nbviewer,493,2015-08-29 13:48:33,True,closed,bollwyvl
jupyter,nbviewer,494,2015-08-31 04:10:01,True,closed,bollwyvl
jupyter,nbviewer,495,2015-09-01 01:14:02,True,closed,bollwyvl
jupyter,nbviewer,496,2015-09-02 20:10:12,True,closed,rgbkrk
jupyter,nbviewer,500,2015-09-08 18:00:18,True,closed,bollwyvl
jupyter,nbviewer,508,2015-10-01 02:02:32,True,closed,bollwyvl
jupyter,nbviewer,511,2015-10-06 19:52:44,False,closed,bollwyvl
jupyter,nbviewer,512,2015-10-06 19:56:02,True,closed,bollwyvl
jupyter,nbviewer,516,2015-10-15 05:16:46,True,closed,bollwyvl
jupyter,nbviewer,517,2015-10-15 05:51:18,True,closed,bollwyvl
jupyter,nbviewer,529,2015-11-03 00:04:38,True,closed,Fermentedbeats
jupyter,nbviewer,530,2015-11-04 21:12:00,True,closed,jdfreder
jupyter,nbviewer,531,2015-11-04 21:33:08,False,closed,jdfreder
jupyter,nbviewer,536,2015-11-11 12:57:19,True,closed,minrk
jupyter,nbviewer,537,2015-11-11 12:57:44,True,closed,minrk
jupyter,nbviewer,538,2015-11-11 13:01:43,True,closed,minrk
jupyter,nbviewer,539,2015-11-11 14:23:19,True,closed,minrk
jupyter,nbviewer,540,2015-11-11 14:23:19,False,closed,minrk
jupyter,nbviewer,541,2015-11-12 01:31:58,True,closed,bollwyvl
jupyter,nbviewer,544,2015-11-25 01:42:36,True,closed,bollwyvl
jupyter,nbviewer,551,2015-12-14 14:39:39,True,closed,minrk
jupyter,nbviewer,561,2016-01-20 14:29:43,True,closed,minrk
jupyter,nbviewer,565,2016-01-21 15:04:13,True,closed,minrk
jupyter,nbviewer,566,2016-01-21 20:35:52,True,closed,cldougl
jupyter,nbviewer,568,2016-02-05 10:41:17,False,closed,vidma
jupyter,nbviewer,572,2016-02-16 10:25:29,True,closed,minrk
jupyter,nbviewer,575,2016-02-21 09:01:35,True,closed,yuvipanda
jupyter,nbviewer,576,2016-02-21 10:45:00,True,closed,minrk
jupyter,nbviewer,579,2016-02-24 00:41:46,True,closed,xanderdunn
jupyter,nbviewer,580,2016-02-26 02:47:49,True,closed,yuvipanda
jupyter,nbviewer,581,2016-02-26 04:43:25,True,closed,yuvipanda
jupyter,nbviewer,584,2016-03-04 10:20:33,True,closed,minrk
jupyter,nbviewer,586,2016-03-18 04:49:15,False,closed,bollwyvl
jupyter,nbviewer,588,2016-03-25 04:32:49,True,closed,parente
jupyter,nbviewer,589,2016-03-26 01:09:06,False,closed,Drunkar
jupyter,nbviewer,591,2016-04-01 23:16:00,True,closed,rgbkrk
jupyter,nbviewer,592,2016-04-01 23:26:53,True,closed,Drunkar
jupyter,nbviewer,593,2016-04-01 23:57:05,True,closed,willingc
jupyter,nbviewer,595,2016-04-03 18:01:34,True,closed,minrk
jupyter,nbviewer,597,2016-04-05 23:42:24,True,closed,yuvipanda
jupyter,nbviewer,599,2016-04-06 23:08:06,True,closed,certik
jupyter,nbviewer,602,2016-04-13 09:55:35,True,closed,minrk
jupyter,nbviewer,605,2016-04-25 11:49:07,True,closed,minrk
jupyter,nbviewer,612,2016-05-22 19:40:37,True,closed,minrk
jupyter,nbviewer,617,2016-06-10 15:50:09,True,closed,bollwyvl
jupyter,nbviewer,623,2016-08-29 07:27:41,True,closed,juanrg
jupyter,nbviewer,624,2016-09-03 16:17:05,True,closed,christophelec
jupyter,nbviewer,632,2016-10-03 22:29:27,True,closed,CamDavidsonPilon
jupyter,nbviewer,636,2016-10-26 04:04:38,True,closed,parente
jupyter,nbviewer,639,2016-10-31 03:00:15,True,closed,parente
jupyter,nbviewer,641,2016-11-01 16:49:13,True,closed,ptorrestr
jupyter,nbviewer,642,2016-11-07 02:43:22,True,closed,parente
jupyter,nbviewer,643,2016-11-22 19:59:09,True,closed,parente
jupyter,nbviewer,650,2016-12-13 14:05:24,False,closed,SylvainCorlay
jupyter,nbviewer,651,2016-12-14 13:17:19,True,closed,SylvainCorlay
jupyter,nbviewer,652,2016-12-14 13:24:51,False,closed,minrk
jupyter,nbviewer,653,2016-12-14 13:40:03,True,closed,minrk
jupyter,nbviewer,655,2016-12-26 18:28:19,True,closed,parente
jupyter,nbviewer,656,2016-12-27 03:08:22,True,closed,parente
jupyter,nbviewer,657,2016-12-29 17:27:16,True,closed,srinivasreddy
jupyter,nbviewer,659,2016-12-31 19:57:21,True,closed,parente
jupyter,nbviewer,660,2017-01-03 04:53:31,False,closed,jgwerner
jupyter,nbviewer,667,2017-02-12 03:11:45,True,closed,randy3k
jupyter,nbviewer,668,2017-02-12 03:36:19,True,closed,randy3k
jupyter,nbviewer,670,2017-02-22 10:11:39,True,closed,minrk
jupyter,nbviewer,671,2017-02-22 10:47:46,True,closed,minrk
jupyter,nbviewer,674,2017-02-22 15:54:45,True,closed,minrk
jupyter,nbviewer,675,2017-02-23 15:00:11,True,closed,minrk
jupyter,nbviewer,676,2017-02-24 15:48:24,True,closed,minrk
jupyter,nbviewer,678,2017-02-25 12:48:36,True,closed,minrk
jupyter,nbviewer,679,2017-02-25 12:49:10,True,closed,minrk
jupyter,nbviewer,680,2017-03-02 02:31:44,True,closed,parente
jupyter,nbviewer,681,2017-03-07 21:29:26,False,open,parente
jupyter,nbviewer,683,2017-03-29 01:05:19,True,closed,dbdean
jupyter,nbviewer-deploy,3,2016-02-28 10:50:39,True,closed,minrk
jupyter,testpath,1,2015-04-02 19:39:05,False,closed,minrk
jupyter,testpath,7,2016-10-09 20:26:46,True,closed,adamchainz
jupyter,testpath,8,2017-01-08 06:39:52,True,closed,QuLogic
jupyter,tmpnb,132,2015-04-02 15:46:12,True,closed,zischwartz
jupyter,tmpnb,137,2015-05-13 04:46:38,False,closed,rgbkrk
jupyter,tmpnb,138,2015-05-13 14:45:43,True,closed,zischwartz
jupyter,tmpnb,140,2015-05-26 02:03:35,True,closed,freeman-lab
jupyter,tmpnb,141,2015-05-26 15:35:51,False,closed,zischwartz
jupyter,tmpnb,142,2015-06-11 18:52:35,True,closed,rgbkrk
jupyter,tmpnb,143,2015-06-14 16:26:59,True,closed,rgbkrk
jupyter,tmpnb,144,2015-06-14 16:33:02,True,closed,rgbkrk
jupyter,tmpnb,145,2015-06-17 14:26:39,True,closed,fermion
jupyter,tmpnb,146,2015-06-23 03:33:39,True,closed,rgbkrk
jupyter,tmpnb,151,2015-08-22 22:01:15,True,closed,captainsafia
jupyter,tmpnb,153,2015-08-23 21:04:59,True,closed,captainsafia
jupyter,tmpnb,154,2015-08-24 01:06:52,True,closed,rgbkrk
jupyter,tmpnb,157,2015-08-26 13:18:48,True,closed,rgbkrk
jupyter,tmpnb,159,2015-08-27 14:41:38,True,closed,captainsafia
jupyter,tmpnb,161,2015-08-28 05:29:13,True,closed,captainsafia
jupyter,tmpnb,162,2015-08-31 00:24:21,True,closed,captainsafia
jupyter,tmpnb,166,2015-09-14 19:37:51,True,closed,captainsafia
jupyter,tmpnb,170,2015-09-16 18:26:35,True,closed,captainsafia
jupyter,tmpnb,172,2015-09-23 03:01:10,True,closed,parente
jupyter,tmpnb,173,2015-09-23 12:26:51,True,closed,minrk
jupyter,tmpnb,174,2015-09-23 13:30:21,True,closed,parente
jupyter,tmpnb,177,2015-10-07 19:40:07,False,closed,rgbkrk
jupyter,tmpnb,178,2015-10-08 03:04:46,False,closed,rgbkrk
jupyter,tmpnb,179,2015-10-13 16:03:43,True,closed,lbustelo
jupyter,tmpnb,182,2015-10-18 20:32:09,True,closed,rgbkrk
jupyter,tmpnb,184,2015-10-31 22:02:51,True,closed,captainsafia
jupyter,tmpnb,185,2015-11-11 00:20:00,True,closed,jdfreder
jupyter,tmpnb,186,2015-11-16 20:39:48,True,closed,jdfreder
jupyter,tmpnb,188,2015-11-28 23:37:22,True,closed,captainsafia
jupyter,tmpnb,193,2015-12-15 22:38:10,True,closed,captainsafia
jupyter,tmpnb,195,2015-12-17 23:24:03,True,closed,captainsafia
jupyter,tmpnb,196,2015-12-18 01:13:25,False,closed,captainsafia
jupyter,tmpnb,197,2015-12-22 01:31:03,True,closed,captainsafia
jupyter,tmpnb,198,2015-12-27 04:14:12,True,closed,parente
jupyter,tmpnb,199,2015-12-29 02:32:15,True,closed,parente
jupyter,tmpnb,202,2016-01-07 19:54:36,True,closed,captainsafia
jupyter,tmpnb,204,2016-01-14 03:59:01,True,closed,parente
jupyter,tmpnb,205,2016-01-14 04:24:18,True,closed,parente
jupyter,tmpnb,206,2016-01-14 10:05:40,True,closed,minrk
jupyter,tmpnb,207,2016-01-14 10:07:06,True,closed,minrk
jupyter,tmpnb,210,2016-01-21 19:07:55,True,closed,bshlgrs
jupyter,tmpnb,214,2016-02-04 02:41:05,True,closed,parente
jupyter,tmpnb,217,2016-02-22 21:37:50,True,closed,rgbkrk
jupyter,tmpnb,218,2016-02-25 16:59:04,True,closed,rgbkrk
jupyter,tmpnb,220,2016-02-25 22:09:44,True,closed,yacchin1205
jupyter,tmpnb,221,2016-02-26 08:18:01,True,closed,yacchin1205
jupyter,tmpnb,222,2016-02-26 14:11:16,True,closed,mabau
jupyter,tmpnb,223,2016-02-26 19:21:43,True,closed,rgbkrk
jupyter,tmpnb,227,2016-03-09 12:35:29,False,closed,SergeyParamoshkin
jupyter,tmpnb,229,2016-03-24 02:21:03,True,closed,parente
jupyter,tmpnb,231,2016-04-01 21:57:29,True,closed,rgbkrk
jupyter,tmpnb,237,2016-04-29 14:57:29,True,closed,minrk
jupyter,tmpnb,240,2016-05-07 10:55:50,True,closed,minrk
jupyter,tmpnb,241,2016-05-10 08:56:56,True,closed,minrk
jupyter,tmpnb,244,2016-07-06 05:12:09,True,closed,willingc
jupyter,tmpnb,245,2016-07-06 05:20:45,True,closed,willingc
jupyter,tmpnb,249,2016-09-16 17:57:42,True,closed,nvenayak
jupyter,tmpnb,254,2016-12-21 14:56:51,True,closed,SylvainCorlay
jupyter,tmpnb,257,2017-01-04 14:24:05,True,closed,minrk
jupyter,tmpnb,258,2017-01-04 15:39:46,True,closed,minrk
jupyter,tmpnb,260,2017-01-12 16:42:38,True,closed,brianrusso
jupyter,tmpnb,262,2017-01-19 21:56:16,True,closed,bryanwweber
jupyter,tmpnb,267,2017-03-27 11:13:32,True,closed,misolietavec
jupyter,tmpnb-deploy,15,2015-04-28 15:04:20,True,closed,rgbkrk
jupyter,tmpnb-deploy,17,2015-05-28 18:51:45,True,closed,rgbkrk
jupyter,tmpnb-deploy,19,2015-09-25 21:52:19,True,closed,rgbkrk
jupyter,tmpnb-deploy,21,2015-10-26 08:28:28,True,closed,rgbkrk
jupyter,tmpnb-deploy,23,2016-01-11 03:11:37,True,closed,rgbkrk
jupyter,tmpnb-deploy,24,2016-05-07 11:05:40,True,closed,minrk
jupyter,tmpnb-deploy,25,2016-05-07 15:18:33,True,closed,minrk
jupyter,tmpnb-deploy,26,2016-10-07 16:20:53,True,closed,SylvainCorlay
jupyter,tmpnb-deploy,27,2016-12-21 21:00:47,True,closed,SylvainCorlay
jupyter,tmpnb-redirector,7,2015-09-14 17:53:55,True,closed,captainsafia
jupyter,tmpnb-redirector,8,2015-09-14 18:33:45,True,closed,captainsafia
jupyter,tmpnb-redirector,9,2015-09-14 20:48:42,True,closed,captainsafia
jupyter,tmpnb-redirector,10,2015-09-25 20:58:47,True,closed,rgbkrk
jupyter,try.jupyter.org,14,2016-07-05 21:19:27,True,closed,minrk
jupyter,try.jupyter.org,18,2016-10-06 16:06:13,True,closed,rgbkrk
